{
  "project_info": {
    "project_number": "779499834281",
    "project_id": "sneaks4sure-1088",
    "storage_bucket": "sneaks4sure-1088.appspot.com"
  },
  "client": [
    {
      "client_info": {
        "mobilesdk_app_id": "1:779499834281:android:fb32d6ad65c6342fde52b8",
        "android_client_info": {
          "package_name": "com.alx.s4s_mobileapp"
        }
      },
      "oauth_client": [
        {
          "client_id": "779499834281-6a3q9v7eqj4jbs06fecel70epcavc122.apps.googleusercontent.com",
          "client_type": 1,
          "android_info": {
            "package_name": "com.alx.s4s_mobileapp",
            "certificate_hash": "8436b6db0ea204f49f9160fe6c526b9e09755487"
          }
        },
        {
          "client_id": "779499834281-7s3jaoqm4hcmuikhc4s2tv1qibe0a0bv.apps.googleusercontent.com",
          "client_type": 1,
          "android_info": {
            "package_name": "com.alx.s4s_mobileapp",
            "certificate_hash": "8e37ae4060ab87ef70c836395e137325e53ba2dd"
          }
        },
        {
          "client_id": "779499834281-89e0osenladrce54j6of1oqdoo1ek4f5.apps.googleusercontent.com",
          "client_type": 1,
          "android_info": {
            "package_name": "com.alx.s4s_mobileapp",
            "certificate_hash": "79b72bbcbeaf03622b824bb11e3a37da0ba82e07"
          }
        },
        {
          "client_id": "779499834281-2ijvsjhs91nj435vmu2dk94st0ocviko.apps.googleusercontent.com",
          "client_type": 3
        }
      ],
      "api_key": [
        {
          "current_key": "AIzaSyBqLdvqgLBepbFIRFZ2lOt61GCvPhZVCyQ"
        }
      ],
      "services": {
        "appinvite_service": {
          "other_platform_oauth_client": [
            {
              "client_id": "779499834281-2ijvsjhs91nj435vmu2dk94st0ocviko.apps.googleusercontent.com",
              "client_type": 3
            },
            {
              "client_id": "779499834281-567i05q44pddogjdsernf4hq8a8p4g37.apps.googleusercontent.com",
              "client_type": 2,
              "ios_info": {
                "bundle_id": "com.example.s4sMobileapp"
              }
            }
          ]
        }
      }
    }
  ],
  "configuration_version": "1"
}